<?xml version="1.0" encoding="UTF-8"?>
<!DOCTYPE mapper
        PUBLIC "-//mybatis.org//DTD Mapper 3.0//EN"
        "http://mybatis.org/dtd/mybatis-3-mapper.dtd">
<mapper namespace="cn.server.demo.Mapper.ProductMapper">
    <select id="getAllProducts" resultType="cn.server.demo.Entity.Product">
        select id, pname, picUrl, viewCount from products;
    </select>
    <select id="getNProducts" resultType="cn.server.demo.Entity.Product" parameterType="java.lang.Integer">
        select id, pname, picUrl, viewCount from products order by id desc limit #{num};
    </select>
    <update id="updateViewCount" parameterType="cn.server.demo.Entity.Product">
        update products set viewCount=#{viewCount} where id=#{id};
    </update>
    <select id="getProductsByIds" resultType="cn.server.demo.Entity.Product">
        select id, pname, picUrl, viewCount from products where id in
        <foreach collection="list" open="(" close=")" separator="," item="item">
            #{item}
        </foreach>
    </select>

    <select id="getAllProductsByPage" parameterType="map" resultType="cn.server.demo.Entity.Product">
        select id, pname, picUrl, viewCount from products order by id desc limit #{page}, #{rows};
    </select>
    <insert id="insertProduct" parameterType="cn.server.demo.Entity.Product">
        insert into products values (0, #{pname}, #{picUrl}, #{viewCount})
    </insert>

    <!--    <insert id="add" parameterType="ProductInfo">-->
    <!--        insert into productinfo values (0, #{pname}, #{tid}, #{price}, #{unit}, #{weight}, #{store}, #{quality},-->
    <!--                                        #{photos}, #{intro}, #{descr}, 1)-->
    <!--    </insert>-->
    <!--    <select id="total" parameterType="map" resultType="int">-->
    <!--        select count(pid) from productinfo-->
    <!--        <where>-->
    <!--            <if test="pname != null and pname != ''">-->
    <!--                and pname like connect('%', #{pname}, '%')-->
    <!--            </if>-->
    <!--            <if test="tid != null and tid != ''">-->
    <!--                and tid = #{tid}-->
    <!--            </if>-->
    <!--            <if test="sprice != null and sprice != ''">-->
    <!--                and price >= #{sprice}-->
    <!--            </if>-->
    <!--            <if test="eprice != null and eprice != ''">-->
    <!--                and price &lt;= #{eprice}-->
    <!--            </if>-->
    <!--        </where>-->
    <!--    </select>-->
    <!--    <select id="findByPage" parameterType="map" resultType="ProductInfoDTO">-->
    <!--        select pid, pname, price, photos, unit, weight from productinfo-->
    <!--        <where>-->
    <!--            <if test="pname != null and pname != ''">-->
    <!--                and pname like connect('%', #{pname}, '%')-->
    <!--            </if>-->
    <!--            <if test="tid != null and tid != ''">-->
    <!--                and tid = #{tid}-->
    <!--            </if>-->
    <!--            <if test="sprice != null and sprice != ''">-->
    <!--                and price >= #{sprice}-->
    <!--            </if>-->
    <!--            <if test="eprice != null and eprice != ''">-->
    <!--                and price &lt;= #{eprice}-->
    <!--            </if>-->
    <!--        </where>-->
    <!--        order by pid desc limit #{page}, #{rows}-->
    <!--    </select>-->
</mapper>