<?xml version="1.0" encoding="UTF-8"?>
<!DOCTYPE mapper
        PUBLIC "-//mybatis.org//DTD Mapper 3.0//EN"
        "http://mybatis.org/dtd/mybatis-3-mapper.dtd">
<mapper namespace="cn.server.demo.Mapper.UserMapper">
    <select id="getUserById" resultType="cn.server.demo.Entity.User" parameterType="java.lang.Long">
        select id, uname, password from users where id = #{id};
    </select>
    <select id="verifyUser" parameterType="cn.server.demo.Entity.User" resultType="java.lang.Long">
        select id from users where uname = #{uname} and password = #{password}
    </select>
    <!--    <insert id="add" parameterType="ProductInfo">-->
    <!--        insert into productinfo values (0, #{pname}, #{tid}, #{price}, #{unit}, #{weight}, #{store}, #{quality},-->
    <!--                                        #{photos}, #{intro}, #{descr}, 1)-->
    <!--    </insert>-->
    <!--    <select id="total" parameterType="map" resultType="int">-->
    <!--        select count(pid) from productinfo-->
    <!--        <where>-->
    <!--            <if test="pname != null and pname != ''">-->
    <!--                and pname like connect('%', #{pname}, '%')-->
    <!--            </if>-->
    <!--            <if test="tid != null and tid != ''">-->
    <!--                and tid = #{tid}-->
    <!--            </if>-->
    <!--            <if test="sprice != null and sprice != ''">-->
    <!--                and price >= #{sprice}-->
    <!--            </if>-->
    <!--            <if test="eprice != null and eprice != ''">-->
    <!--                and price &lt;= #{eprice}-->
    <!--            </if>-->
    <!--        </where>-->
    <!--    </select>-->
    <!--    <select id="findByPage" parameterType="map" resultType="ProductInfoDTO">-->
    <!--        select pid, pname, price, photos, unit, weight from productinfo-->
    <!--        <where>-->
    <!--            <if test="pname != null and pname != ''">-->
    <!--                and pname like connect('%', #{pname}, '%')-->
    <!--            </if>-->
    <!--            <if test="tid != null and tid != ''">-->
    <!--                and tid = #{tid}-->
    <!--            </if>-->
    <!--            <if test="sprice != null and sprice != ''">-->
    <!--                and price >= #{sprice}-->
    <!--            </if>-->
    <!--            <if test="eprice != null and eprice != ''">-->
    <!--                and price &lt;= #{eprice}-->
    <!--            </if>-->
    <!--        </where>-->
    <!--        order by pid desc limit #{page}, #{rows}-->
    <!--    </select>-->
</mapper>